{
  "val_accuracy": 0.9281837590349049,
  "val_qwk": 0.9438409123608976,
  "test_accuracy": 0.9301386423849577,
  "test_qwk": 0.943721903292561
}